{
  "C": {
    "overall": {
      "awareness": 0.18741534161696805
    },
    "athleticism": {
      "speed": 0.03444210042544797,
      "acceleration": 0.07409622421698402,
      "agility": 0.05539080478034642,
      "jumping": 0.0,
      "strength": 0.19648538887115047,
      "toughness": 0.0072940112719916605,
      "change_of_direction": 0.0029296124123916207,
      "injury": 0.026203264047507228
    },
    "blocking": {
      "impact_block": 0.06621910658220177,
      "lead_blocking": 0.1190062355702509,
      "run_block": 0.17314027018701894,
      "run_block_power": 0.12247554783633327,
      "pass_block": 0.17183568766752194,
      "pass_block_power": 0.12480874093331268,
      "pass_block_finesse": 0.1071055676866277,
      "run_block_finesse": 0.09305102973054759
    }
  },
  "CB": {
    "overall": {
      "awareness": 0.20377794138574518
    },
    "athleticism": {
      "speed": 0.30973641161265053,
      "acceleration": 0.2955650284059322,
      "agility": 0.04813762214919964,
      "jumping": 0.045880351867473045,
      "strength": 0.00568823108888787,
      "toughness": 0.0002857144558418068,
      "change_of_direction": 0.08912370204963359,
      "injury": 0.009097485889702462
    },
    "defense": {
      "finesse_moves": 0.015525279584155473,
      "play_recognition": 0.08632257421612939,
      "tackle": 0.07332392437738405,
      "pursuit": 0.003940621364994219,
      "power_moves": 0.0,
      "hit_power": 0.00866817658984772,
      "block_shedding": 0.022641334272260505,
      "man_coverage": 0.30671715352171264,
      "zone_coverage": 0.1298326998396009,
      "press": 0.09672849639399653
    }
  },
  "DL": {
    "overall": {
      "awareness": 0.11615892856255129
    },
    "athleticism": {
      "speed": 0.040881377419575225,
      "acceleration": 0.11613880325656539,
      "agility": 0.06471275293182507,
      "jumping": 0.014066775644332894,
      "strength": 0.2966181526628403,
      "toughness": 0.012641345848985745,
      "change_of_direction": 0.011238601773942593,
      "injury": 0.018600435137234625
    },
    "defense": {
      "finesse_moves": 0.040292499326649356,
      "play_recognition": 0.1446004256240697,
      "tackle": 0.25014574966897274,
      "pursuit": 0.14314106398075552,
      "power_moves": 0.053283554178206426,
      "hit_power": 0.06826365478807313,
      "block_shedding": 0.28114782019143825,
      "man_coverage": 0.0,
      "zone_coverage": 0.01855146460875213,
      "press": 0.0033160536601371947
    }
  },
  "EDGE": {
    "overall": {
      "awareness": 0.17310300553426428
    },
    "athleticism": {
      "speed": 0.1148730841550138,
      "acceleration": 0.11681577197756599,
      "agility": 0.10344651474678208,
      "jumping": 0.0386213777961542,
      "strength": 0.13208768518307357,
      "toughness": 0.012390750267139618,
      "change_of_direction": 0.02438659406695466,
      "injury": 0.03545981576491628
    },
    "defense": {
      "finesse_moves": 0.08775171558235571,
      "play_recognition": 0.09086394597588862,
      "tackle": 0.21866155185049554,
      "pursuit": 0.13420722458331197,
      "power_moves": 0.08472352267265222,
      "hit_power": 0.05442942707381136,
      "block_shedding": 0.08621663827039644,
      "man_coverage": 0.06611330160825035,
      "zone_coverage": 0.0,
      "press": 0.0310523828555237
    }
  },
  "FB": {
    "overall": {
      "awareness": 0.12044731043497259
    },
    "athleticism": {
      "speed": 0.0,
      "acceleration": 0.11939377079143644,
      "agility": 0.09887192778880627,
      "jumping": 0.08371315552443996,
      "strength": 0.07351553229185394,
      "toughness": 0.05859920254210609,
      "change_of_direction": 0.0362538638313989,
      "injury": 0.043755520320065265
    },
    "rushing": {
      "ball_carrier_vision": 0.08279061038791646,
      "carrying": 0.02676300249177479,
      "break_tackle": 0.07495758720900152,
      "trucking": 0.09001327187553254,
      "elusiveness": 0.044876453841150986,
      "juke_move": 0.08778654795545406,
      "stiff_arm": 0.07461418766319929
    }
  },
  "G": {
    "overall": {
      "awareness": 0.15154237641333687
    },
    "athleticism": {
      "speed": 0.035290664566434655,
      "acceleration": 0.03962258025947444,
      "agility": 0.028843009557385096,
      "jumping": 0.0,
      "strength": 0.2010174426685054,
      "toughness": 0.016903300290349983,
      "change_of_direction": 0.00608753396349373,
      "injury": 0.023175549355665816
    },
    "blocking": {
      "impact_block": 0.1373915383206757,
      "lead_blocking": 0.10573709646492284,
      "run_block": 0.1678241653382875,
      "run_block_power": 0.21069435824652505,
      "pass_block": 0.07576923511048124,
      "pass_block_power": 0.13117402797011724,
      "pass_block_finesse": 0.2104324722924597,
      "run_block_finesse": 0.011162935135241815
    }
  },
  "K": {
    "overall": {
      "awareness": 0.4502948492164077
    },
    "kicking": {
      "kick_power": 0.4371142535380087,
      "kick_accuracy": 0.2595413186311946
    }
  },
  "LB": {
    "overall": {
      "awareness": 0.23141295267968257
    },
    "athleticism": {
      "speed": 0.09176581378214961,
      "acceleration": 0.19235905040094556,
      "agility": 0.07912872154077467,
      "jumping": 0.005959369684667028,
      "strength": 0.1395400918567033,
      "toughness": 0.004452560988791683,
      "change_of_direction": 0.017947175414219346,
      "injury": 0.01440795965132671
    },
    "defense": {
      "finesse_moves": 0.1172765109458779,
      "play_recognition": 0.09799186063449684,
      "tackle": 0.2450876711179179,
      "pursuit": 0.23773017791203063,
      "power_moves": 0.04945375444386147,
      "hit_power": 0.02902675472077936,
      "block_shedding": 0.09397290336778352,
      "man_coverage": 0.0,
      "zone_coverage": 0.1183250822357859,
      "press": 0.0014171207128610538
    }
  },
  "OT": {
    "overall": {
      "awareness": 0.13442545474515502
    },
    "athleticism": {
      "speed": 0.05869622159880557,
      "acceleration": 0.05057284812469975,
      "agility": 0.045485976335258096,
      "jumping": 0.0009428594092992217,
      "strength": 0.15134024520552133,
      "toughness": 0.0,
      "change_of_direction": 0.0038691445205765638,
      "injury": 0.019628322407481576
    },
    "blocking": {
      "impact_block": 0.08708318612264745,
      "lead_blocking": 0.04571248967459867,
      "run_block": 0.07884023373473026,
      "run_block_power": 0.23936419487622168,
      "pass_block": 0.022301878621111555,
      "pass_block_power": 0.21029415951041894,
      "pass_block_finesse": 0.25403589063598836,
      "run_block_finesse": 0.10640143938277022
    }
  },
  "P": {
    "overall": {
      "awareness": 0.43086684319406526
    },
    "kicking": {
      "kick_power": 0.43211102596404216,
      "kick_accuracy": 0.2456955043076751
    }
  },
  "QB": {
    "overall": {
      "awareness": 0.2193716948421202
    },
    "athleticism": {
      "speed": 0.07810710545811683,
      "acceleration": 0.008959720724990055,
      "agility": 0.087942151366968,
      "jumping": 0.011728661483170822,
      "strength": 0.05280477852186428,
      "toughness": 0.0005935248116095207,
      "change_of_direction": 0.0,
      "injury": 0.04090078739001693
    },
    "passing": {
      "throwing_power": 0.36204147434267864,
      "short_throw_accuracy": 0.14931116480200896,
      "medium_throw_accuracy": 0.31784981385136624,
      "deep_throw_accuracy": 0.057379480177514784,
      "throw_under_pressure": 0.10932054228262396,
      "throw_on_run": 0.11140229439085376,
      "play_action": 0.10835147247204781,
      "break_sack": 0.03590201255005994
    },
    "rushing": {
      "ball_carrier_vision": 0.024292523101376966,
      "carrying": 0.09405598389630786,
      "break_tackle": 0.04355309749282688,
      "trucking": 0.01937892585348413,
      "elusiveness": 0.029303442710785638,
      "juke_move": 0.04699105111093811,